--drop schema cst363_exam1;
create schema cst363_exam1;
use cst363_exam1;
create table student(
 studentid int primary key,
 lastname char(25),
 firstname char(25),
 gpa double,
 major char(25),
 totalcredits int);
 
create table course(
 courseid int primary key,
 name char(25),
 section char(4),
 department char(25),
 instructor char(25));
 
 create table enrollment(
  studentid int,
  courseid int,
  semester char(25),
  grade char(5),
  units int,
  primary key(studentid, courseid, semester) );
  
INSERT INTO STUDENT VALUES (5430,'Last0','First0',2.17,'MATH',29);
INSERT INTO STUDENT VALUES (1287,'Last1','First1',3.1,'MATH',29);
INSERT INTO STUDENT VALUES (1970,'Last2','First2',3.62,'MATH',29);
INSERT INTO STUDENT VALUES (2928,'Last3','First3',2.21,'MATH',29);
INSERT INTO STUDENT VALUES (5209,'Last4','First4',2.14,'MATH',29);
INSERT INTO STUDENT VALUES (104,'Last5','First5',2.59,'MATH',29);
INSERT INTO STUDENT VALUES (7460,'Last6','First6',3.66,'MATH',29);
INSERT INTO STUDENT VALUES (6848,'Last7','First7',3.03,'MATH',29);
INSERT INTO STUDENT VALUES (4456,'Last8','First8',2.66,'MATH',29);
INSERT INTO STUDENT VALUES (3729,'Last9','First9',2.28,'MATH',29);
INSERT INTO STUDENT VALUES (6324,'Last10','First10',2.25,'CS',28);
INSERT INTO STUDENT VALUES (4106,'Last11','First11',2.61,'CS',28);
INSERT INTO STUDENT VALUES (3214,'Last12','First12',2.36,'CS',28);
INSERT INTO STUDENT VALUES (535,'Last13','First13',2.79,'CS',28);
INSERT INTO STUDENT VALUES (7830,'Last14','First14',3.61,'CS',28);
INSERT INTO STUDENT VALUES (9179,'Last15','First15',3.0,'CS',28);
INSERT INTO STUDENT VALUES (8265,'Last16','First16',2.71,'CS',28);
INSERT INTO STUDENT VALUES (9563,'Last17','First17',2.89,'CS',28);
INSERT INTO STUDENT VALUES (8013,'Last18','First18',3.46,'CS',28);
INSERT INTO STUDENT VALUES (565,'Last19','First19',3.68,'CS',28);
INSERT INTO STUDENT VALUES (6240,'Last20','First20',3.13,'Biology',30);
INSERT INTO STUDENT VALUES (2453,'Last21','First21',1.43,'Biology',30);
INSERT INTO STUDENT VALUES (557,'Last22','First22',2.8,'Biology',30);
INSERT INTO STUDENT VALUES (4263,'Last23','First23',3.4,'Biology',30);
INSERT INTO STUDENT VALUES (9524,'Last24','First24',3.63,'Biology',30);
INSERT INTO STUDENT VALUES (8843,'Last25','First25',2.0,'Biology',30);
INSERT INTO STUDENT VALUES (4914,'Last26','First26',3.57,'Biology',30);
INSERT INTO STUDENT VALUES (7262,'Last27','First27',3.33,'Biology',30);
INSERT INTO STUDENT VALUES (8113,'Last28','First28',3.73,'Biology',30);
INSERT INTO STUDENT VALUES (2966,'Last29','First29',3.2,'Biology',30);
INSERT INTO STUDENT VALUES (8531,'Last30','First30',3.47,'Biology',30);
INSERT INTO STUDENT VALUES (9955,'Last31','First31',2.07,'Biology',30);
INSERT INTO STUDENT VALUES (5734,'Last32','First32',3.27,'Biology',30);
INSERT INTO STUDENT VALUES (4078,'Last33','First33',3.03,'Biology',30);
INSERT INTO STUDENT VALUES (7680,'Last34','First34',1.97,'Biology',30);
INSERT INTO COURSE VALUES (40123,'Calculus 1','1','MATH','Smith');
INSERT INTO COURSE VALUES (40125,'Calculus 1','2','MATH','Lupin');
INSERT INTO COURSE VALUES (40126,'Calculus 1','3','MATH','Fenwick');
INSERT INTO COURSE VALUES (40130,'Calculus 2','1','MATH','Strong');
INSERT INTO COURSE VALUES (40140,'Intro Prog','1','CS','Suesse');
INSERT INTO COURSE VALUES (40240,'Data Structures','1','CS','Suesse');
INSERT INTO COURSE VALUES (40500,'Cell Biology','1','Biology','Lynn');
INSERT INTO COURSE VALUES (40501,'Cell Biology Lab','1','Biology','Lynn');
INSERT INTO COURSE VALUES (40502,'Ecology','1','Biology','Finne');
INSERT INTO COURSE VALUES (40503,'Ecology Lab','1','Biology','Dimmer');
INSERT INTO COURSE VALUES (50100,'Chemistry 1','1','Chemistry','Lyon');
INSERT INTO COURSE VALUES (50110,'Chemistry 2','1','Chemistry','Lyon');
INSERT INTO COURSE VALUES (50500,'Politics','1','Social Science','Hanson');
INSERT INTO COURSE VALUES (50510,'Economics','1','Social Science','Snivley');
INSERT INTO COURSE VALUES (50520,'Technology & Society','1','Social Science','Lyon');
INSERT INTO COURSE VALUES (50530,'Communication','1','HCOM','Patrick');
INSERT INTO COURSE VALUES (50540,'Philosopy & Ethics','1','Social Science','Patrick');
INSERT INTO COURSE VALUES (60200,'Health and Well Being','1','Kinesioloy','Ford');
INSERT INTO COURSE VALUES (40132,'Discrete Math','1','MATH','Lupin');
INSERT INTO COURSE VALUES (40128,'Geometry','1','MATH','Fenwick');
INSERT INTO COURSE VALUES (50112,'Bio-Chemistry','1','Chemistry','Lyon');
INSERT INTO ENROLLMENT VALUES (5430,40123,'2016Fa','B',4);
INSERT INTO ENROLLMENT VALUES (5430,40130,'2016Sp','D',4);
INSERT INTO ENROLLMENT VALUES (5430,40132,'2017Sp','D',4);
INSERT INTO ENROLLMENT VALUES (5430,50510,'2016Fa','C',3);
INSERT INTO ENROLLMENT VALUES (5430,50520,'2016Fa','B',3);
INSERT INTO ENROLLMENT VALUES (5430,50530,'2017Sp','A',3);
INSERT INTO ENROLLMENT VALUES (5430,60200,'2017Sp','C',3);
INSERT INTO ENROLLMENT VALUES (5430,40500,'2016Fa','C',4);
INSERT INTO ENROLLMENT VALUES (5430,40501,'2016Fa','C',1);
INSERT INTO ENROLLMENT VALUES (1287,40125,'2016Fa','A',4);
INSERT INTO ENROLLMENT VALUES (1287,40130,'2016Sp','C',4);
INSERT INTO ENROLLMENT VALUES (1287,40132,'2017Sp','B',4);
INSERT INTO ENROLLMENT VALUES (1287,50510,'2016Fa','B',3);
INSERT INTO ENROLLMENT VALUES (1287,50520,'2016Fa','A',3);
INSERT INTO ENROLLMENT VALUES (1287,50530,'2017Sp','B',3);
INSERT INTO ENROLLMENT VALUES (1287,60200,'2017Sp','C',3);
INSERT INTO ENROLLMENT VALUES (1287,40500,'2016Fa','A',4);
INSERT INTO ENROLLMENT VALUES (1287,40501,'2016Fa','C',1);
INSERT INTO ENROLLMENT VALUES (1970,40126,'2016Fa','C',4);
INSERT INTO ENROLLMENT VALUES (1970,40130,'2016Sp','A',4);
INSERT INTO ENROLLMENT VALUES (1970,40132,'2017Sp','A',4);
INSERT INTO ENROLLMENT VALUES (1970,50510,'2016Fa','A',3);
INSERT INTO ENROLLMENT VALUES (1970,50520,'2016Fa','B',3);
INSERT INTO ENROLLMENT VALUES (1970,50530,'2017Sp','A',3);
INSERT INTO ENROLLMENT VALUES (1970,60200,'2017Sp','A',3);
INSERT INTO ENROLLMENT VALUES (1970,40500,'2016Fa','A',4);
INSERT INTO ENROLLMENT VALUES (1970,40501,'2016Fa','A',1);
INSERT INTO ENROLLMENT VALUES (2928,40123,'2016Fa','B',4);
INSERT INTO ENROLLMENT VALUES (2928,40130,'2016Sp','D',4);
INSERT INTO ENROLLMENT VALUES (2928,40132,'2017Sp','A',4);
INSERT INTO ENROLLMENT VALUES (2928,50510,'2016Fa','C',3);
INSERT INTO ENROLLMENT VALUES (2928,50520,'2016Fa','C',3);
INSERT INTO ENROLLMENT VALUES (2928,50530,'2017Sp','D',3);
INSERT INTO ENROLLMENT VALUES (2928,60200,'2017Sp','C',3);
INSERT INTO ENROLLMENT VALUES (2928,40500,'2016Fa','C',4);
INSERT INTO ENROLLMENT VALUES (2928,40501,'2016Fa','B',1);
INSERT INTO ENROLLMENT VALUES (5209,40125,'2016Fa','C',4);
INSERT INTO ENROLLMENT VALUES (5209,40130,'2016Sp','D',4);
INSERT INTO ENROLLMENT VALUES (5209,40132,'2017Sp','D',4);
INSERT INTO ENROLLMENT VALUES (5209,50510,'2016Fa','A',3);
INSERT INTO ENROLLMENT VALUES (5209,50520,'2016Fa','D',3);
INSERT INTO ENROLLMENT VALUES (5209,50530,'2017Sp','B',3);
INSERT INTO ENROLLMENT VALUES (5209,60200,'2017Sp','D',3);
INSERT INTO ENROLLMENT VALUES (5209,40500,'2016Fa','A',4);
INSERT INTO ENROLLMENT VALUES (5209,40501,'2016Fa','B',1);
INSERT INTO ENROLLMENT VALUES (104,40123,'2016Fa','C',4);
INSERT INTO ENROLLMENT VALUES (104,40130,'2016Sp','A',4);
INSERT INTO ENROLLMENT VALUES (104,40132,'2017Sp','A',4);
INSERT INTO ENROLLMENT VALUES (104,50510,'2016Fa','D',3);
INSERT INTO ENROLLMENT VALUES (104,50520,'2016Fa','D',3);
INSERT INTO ENROLLMENT VALUES (104,50530,'2017Sp','A',3);
INSERT INTO ENROLLMENT VALUES (104,60200,'2017Sp','D',3);
INSERT INTO ENROLLMENT VALUES (104,40500,'2016Fa','B',4);
INSERT INTO ENROLLMENT VALUES (104,40501,'2016Fa','C',1);
INSERT INTO ENROLLMENT VALUES (7460,40123,'2016Fa','A',4);
INSERT INTO ENROLLMENT VALUES (7460,40130,'2016Sp','B',4);
INSERT INTO ENROLLMENT VALUES (7460,40132,'2017Sp','A',4);
INSERT INTO ENROLLMENT VALUES (7460,50510,'2016Fa','C',3);
INSERT INTO ENROLLMENT VALUES (7460,50520,'2016Fa','A',3);
INSERT INTO ENROLLMENT VALUES (7460,50530,'2017Sp','A',3);
INSERT INTO ENROLLMENT VALUES (7460,60200,'2017Sp','A',3);
INSERT INTO ENROLLMENT VALUES (7460,40500,'2016Fa','A',4);
INSERT INTO ENROLLMENT VALUES (7460,40501,'2016Fa','A',1);
INSERT INTO ENROLLMENT VALUES (6848,40125,'2016Fa','D',4);
INSERT INTO ENROLLMENT VALUES (6848,40130,'2016Sp','B',4);
INSERT INTO ENROLLMENT VALUES (6848,40132,'2017Sp','A',4);
INSERT INTO ENROLLMENT VALUES (6848,50510,'2016Fa','D',3);
INSERT INTO ENROLLMENT VALUES (6848,50520,'2016Fa','A',3);
INSERT INTO ENROLLMENT VALUES (6848,50530,'2017Sp','B',3);
INSERT INTO ENROLLMENT VALUES (6848,60200,'2017Sp','A',3);
INSERT INTO ENROLLMENT VALUES (6848,40500,'2016Fa','A',4);
INSERT INTO ENROLLMENT VALUES (6848,40501,'2016Fa','A',1);
INSERT INTO ENROLLMENT VALUES (4456,40123,'2016Fa','C',4);
INSERT INTO ENROLLMENT VALUES (4456,40130,'2016Sp','C',4);
INSERT INTO ENROLLMENT VALUES (4456,40132,'2017Sp','C',4);
INSERT INTO ENROLLMENT VALUES (4456,50510,'2016Fa','B',3);
INSERT INTO ENROLLMENT VALUES (4456,50520,'2016Fa','B',3);
INSERT INTO ENROLLMENT VALUES (4456,50530,'2017Sp','C',3);
INSERT INTO ENROLLMENT VALUES (4456,60200,'2017Sp','B',3);
INSERT INTO ENROLLMENT VALUES (4456,40500,'2016Fa','A',4);
INSERT INTO ENROLLMENT VALUES (4456,40501,'2016Fa','A',1);
INSERT INTO ENROLLMENT VALUES (3729,40123,'2016Fa','A',4);
INSERT INTO ENROLLMENT VALUES (3729,40130,'2016Sp','D',4);
INSERT INTO ENROLLMENT VALUES (3729,40132,'2017Sp','B',4);
INSERT INTO ENROLLMENT VALUES (3729,50510,'2016Fa','D',3);
INSERT INTO ENROLLMENT VALUES (3729,50520,'2016Fa','B',3);
INSERT INTO ENROLLMENT VALUES (3729,50530,'2017Sp','D',3);
INSERT INTO ENROLLMENT VALUES (3729,60200,'2017Sp','D',3);
INSERT INTO ENROLLMENT VALUES (3729,40500,'2016Fa','B',4);
INSERT INTO ENROLLMENT VALUES (3729,40501,'2016Fa','A',1);
INSERT INTO ENROLLMENT VALUES (6324,40126,'2016Fa','C',4);
INSERT INTO ENROLLMENT VALUES (6324,40140,'2016Fa','D',4);
INSERT INTO ENROLLMENT VALUES (6324,40240,'2017Sp','B',4);
INSERT INTO ENROLLMENT VALUES (6324,40132,'2017Sp','B',4);
INSERT INTO ENROLLMENT VALUES (6324,50510,'2016Fa','D',3);
INSERT INTO ENROLLMENT VALUES (6324,50520,'2016Fa','D',3);
INSERT INTO ENROLLMENT VALUES (6324,50530,'2017Sp','B',3);
INSERT INTO ENROLLMENT VALUES (6324,60200,'2017Sp','A',3);
INSERT INTO ENROLLMENT VALUES (4106,40123,'2016Fa','A',4);
INSERT INTO ENROLLMENT VALUES (4106,40140,'2016Fa','B',4);
INSERT INTO ENROLLMENT VALUES (4106,40240,'2017Sp','C',4);
INSERT INTO ENROLLMENT VALUES (4106,40132,'2017Sp','D',4);
INSERT INTO ENROLLMENT VALUES (4106,50510,'2016Fa','A',3);
INSERT INTO ENROLLMENT VALUES (4106,50520,'2016Fa','B',3);
INSERT INTO ENROLLMENT VALUES (4106,50530,'2017Sp','C',3);
INSERT INTO ENROLLMENT VALUES (4106,60200,'2017Sp','C',3);
INSERT INTO ENROLLMENT VALUES (3214,40123,'2016Fa','B',4);
INSERT INTO ENROLLMENT VALUES (3214,40140,'2016Fa','D',4);
INSERT INTO ENROLLMENT VALUES (3214,40240,'2017Sp','C',4);
INSERT INTO ENROLLMENT VALUES (3214,40132,'2017Sp','B',4);
INSERT INTO ENROLLMENT VALUES (3214,50510,'2016Fa','C',3);
INSERT INTO ENROLLMENT VALUES (3214,50520,'2016Fa','D',3);
INSERT INTO ENROLLMENT VALUES (3214,50530,'2017Sp','A',3);
INSERT INTO ENROLLMENT VALUES (3214,60200,'2017Sp','B',3);
INSERT INTO ENROLLMENT VALUES (535,40123,'2016Fa','B',4);
INSERT INTO ENROLLMENT VALUES (535,40140,'2016Fa','A',4);
INSERT INTO ENROLLMENT VALUES (535,40240,'2017Sp','D',4);
INSERT INTO ENROLLMENT VALUES (535,40132,'2017Sp','D',4);
INSERT INTO ENROLLMENT VALUES (535,50510,'2016Fa','C',3);
INSERT INTO ENROLLMENT VALUES (535,50520,'2016Fa','A',3);
INSERT INTO ENROLLMENT VALUES (535,50530,'2017Sp','A',3);
INSERT INTO ENROLLMENT VALUES (535,60200,'2017Sp','A',3);
INSERT INTO ENROLLMENT VALUES (7830,40123,'2016Fa','A',4);
INSERT INTO ENROLLMENT VALUES (7830,40140,'2016Fa','A',4);
INSERT INTO ENROLLMENT VALUES (7830,40240,'2017Sp','B',4);
INSERT INTO ENROLLMENT VALUES (7830,40132,'2017Sp','B',4);
INSERT INTO ENROLLMENT VALUES (7830,50510,'2016Fa','B',3);
INSERT INTO ENROLLMENT VALUES (7830,50520,'2016Fa','A',3);
INSERT INTO ENROLLMENT VALUES (7830,50530,'2017Sp','A',3);
INSERT INTO ENROLLMENT VALUES (7830,60200,'2017Sp','A',3);
INSERT INTO ENROLLMENT VALUES (9179,40126,'2016Fa','B',4);
INSERT INTO ENROLLMENT VALUES (9179,40140,'2016Fa','B',4);
INSERT INTO ENROLLMENT VALUES (9179,40240,'2017Sp','B',4);
INSERT INTO ENROLLMENT VALUES (9179,40132,'2017Sp','B',4);
INSERT INTO ENROLLMENT VALUES (9179,50510,'2016Fa','B',3);
INSERT INTO ENROLLMENT VALUES (9179,50520,'2016Fa','C',3);
INSERT INTO ENROLLMENT VALUES (9179,50530,'2017Sp','A',3);
INSERT INTO ENROLLMENT VALUES (9179,60200,'2017Sp','B',3);
INSERT INTO ENROLLMENT VALUES (8265,40125,'2016Fa','A',4);
INSERT INTO ENROLLMENT VALUES (8265,40140,'2016Fa','A',4);
INSERT INTO ENROLLMENT VALUES (8265,40240,'2017Sp','C',4);
INSERT INTO ENROLLMENT VALUES (8265,40132,'2017Sp','B',4);
INSERT INTO ENROLLMENT VALUES (8265,50510,'2016Fa','C',3);
INSERT INTO ENROLLMENT VALUES (8265,50520,'2016Fa','C',3);
INSERT INTO ENROLLMENT VALUES (8265,50530,'2017Sp','C',3);
INSERT INTO ENROLLMENT VALUES (8265,60200,'2017Sp','C',3);
INSERT INTO ENROLLMENT VALUES (9563,40123,'2016Fa','D',4);
INSERT INTO ENROLLMENT VALUES (9563,40140,'2016Fa','B',4);
INSERT INTO ENROLLMENT VALUES (9563,40240,'2017Sp','A',4);
INSERT INTO ENROLLMENT VALUES (9563,40132,'2017Sp','A',4);
INSERT INTO ENROLLMENT VALUES (9563,50510,'2016Fa','C',3);
INSERT INTO ENROLLMENT VALUES (9563,50520,'2016Fa','A',3);
INSERT INTO ENROLLMENT VALUES (9563,50530,'2017Sp','C',3);
INSERT INTO ENROLLMENT VALUES (9563,60200,'2017Sp','B',3);
INSERT INTO ENROLLMENT VALUES (8013,40126,'2016Fa','B',4);
INSERT INTO ENROLLMENT VALUES (8013,40140,'2016Fa','A',4);
INSERT INTO ENROLLMENT VALUES (8013,40240,'2017Sp','B',4);
INSERT INTO ENROLLMENT VALUES (8013,40132,'2017Sp','B',4);
INSERT INTO ENROLLMENT VALUES (8013,50510,'2016Fa','A',3);
INSERT INTO ENROLLMENT VALUES (8013,50520,'2016Fa','B',3);
INSERT INTO ENROLLMENT VALUES (8013,50530,'2017Sp','A',3);
INSERT INTO ENROLLMENT VALUES (8013,60200,'2017Sp','A',3);
INSERT INTO ENROLLMENT VALUES (565,40126,'2016Fa','A',4);
INSERT INTO ENROLLMENT VALUES (565,40140,'2016Fa','A',4);
INSERT INTO ENROLLMENT VALUES (565,40240,'2017Sp','A',4);
INSERT INTO ENROLLMENT VALUES (565,40132,'2017Sp','A',4);
INSERT INTO ENROLLMENT VALUES (565,50510,'2016Fa','C',3);
INSERT INTO ENROLLMENT VALUES (565,50520,'2016Fa','A',3);
INSERT INTO ENROLLMENT VALUES (565,50530,'2017Sp','B',3);
INSERT INTO ENROLLMENT VALUES (565,60200,'2017Sp','A',3);
INSERT INTO ENROLLMENT VALUES (6240,40126,'2016Fa','B',4);
INSERT INTO ENROLLMENT VALUES (6240,40130,'2017Sp','A',4);
INSERT INTO ENROLLMENT VALUES (6240,50520,'2016Fa','B',3);
INSERT INTO ENROLLMENT VALUES (6240,50530,'2017Sp','A',3);
INSERT INTO ENROLLMENT VALUES (6240,60200,'2017Sp','B',3);
INSERT INTO ENROLLMENT VALUES (6240,40500,'2016Fa','A',4);
INSERT INTO ENROLLMENT VALUES (6240,40501,'2016Fa','A',1);
INSERT INTO ENROLLMENT VALUES (6240,50100,'2016Fa','C',4);
INSERT INTO ENROLLMENT VALUES (6240,50110,'2017Sp','C',4);
INSERT INTO ENROLLMENT VALUES (2453,40123,'2016Fa','C',4);
INSERT INTO ENROLLMENT VALUES (2453,40130,'2017Sp','C',4);
INSERT INTO ENROLLMENT VALUES (2453,50520,'2016Fa','D',3);
INSERT INTO ENROLLMENT VALUES (2453,50530,'2017Sp','D',3);
INSERT INTO ENROLLMENT VALUES (2453,60200,'2017Sp','D',3);
INSERT INTO ENROLLMENT VALUES (2453,40500,'2016Fa','C',4);
INSERT INTO ENROLLMENT VALUES (2453,40501,'2016Fa','C',1);
INSERT INTO ENROLLMENT VALUES (2453,50100,'2016Fa','D',4);
INSERT INTO ENROLLMENT VALUES (2453,50110,'2017Sp','D',4);
INSERT INTO ENROLLMENT VALUES (557,40125,'2016Fa','A',4);
INSERT INTO ENROLLMENT VALUES (557,40130,'2017Sp','B',4);
INSERT INTO ENROLLMENT VALUES (557,50520,'2016Fa','C',3);
INSERT INTO ENROLLMENT VALUES (557,50530,'2017Sp','B',3);
INSERT INTO ENROLLMENT VALUES (557,60200,'2017Sp','C',3);
INSERT INTO ENROLLMENT VALUES (557,40500,'2016Fa','C',4);
INSERT INTO ENROLLMENT VALUES (557,40501,'2016Fa','B',1);
INSERT INTO ENROLLMENT VALUES (557,50100,'2016Fa','B',4);
INSERT INTO ENROLLMENT VALUES (557,50110,'2017Sp','B',4);
INSERT INTO ENROLLMENT VALUES (4263,40123,'2016Fa','A',4);
INSERT INTO ENROLLMENT VALUES (4263,40130,'2017Sp','A',4);
INSERT INTO ENROLLMENT VALUES (4263,50520,'2016Fa','C',3);
INSERT INTO ENROLLMENT VALUES (4263,50530,'2017Sp','A',3);
INSERT INTO ENROLLMENT VALUES (4263,60200,'2017Sp','A',3);
INSERT INTO ENROLLMENT VALUES (4263,40500,'2016Fa','A',4);
INSERT INTO ENROLLMENT VALUES (4263,40501,'2016Fa','A',1);
INSERT INTO ENROLLMENT VALUES (4263,50100,'2016Fa','C',4);
INSERT INTO ENROLLMENT VALUES (4263,50110,'2017Sp','B',4);
INSERT INTO ENROLLMENT VALUES (9524,40126,'2016Fa','B',4);
INSERT INTO ENROLLMENT VALUES (9524,40130,'2017Sp','B',4);
INSERT INTO ENROLLMENT VALUES (9524,50520,'2016Fa','B',3);
INSERT INTO ENROLLMENT VALUES (9524,50530,'2017Sp','A',3);
INSERT INTO ENROLLMENT VALUES (9524,60200,'2017Sp','A',3);
INSERT INTO ENROLLMENT VALUES (9524,40500,'2016Fa','A',4);
INSERT INTO ENROLLMENT VALUES (9524,40501,'2016Fa','A',1);
INSERT INTO ENROLLMENT VALUES (9524,50100,'2016Fa','A',4);
INSERT INTO ENROLLMENT VALUES (9524,50110,'2017Sp','A',4);
INSERT INTO ENROLLMENT VALUES (8843,40123,'2016Fa','C',4);
INSERT INTO ENROLLMENT VALUES (8843,40130,'2017Sp','D',4);
INSERT INTO ENROLLMENT VALUES (8843,50520,'2016Fa','B',3);
INSERT INTO ENROLLMENT VALUES (8843,50530,'2017Sp','D',3);
INSERT INTO ENROLLMENT VALUES (8843,60200,'2017Sp','D',3);
INSERT INTO ENROLLMENT VALUES (8843,40500,'2016Fa','C',4);
INSERT INTO ENROLLMENT VALUES (8843,40501,'2016Fa','D',1);
INSERT INTO ENROLLMENT VALUES (8843,50100,'2016Fa','B',4);
INSERT INTO ENROLLMENT VALUES (8843,50110,'2017Sp','B',4);
INSERT INTO ENROLLMENT VALUES (4914,40123,'2016Fa','A',4);
INSERT INTO ENROLLMENT VALUES (4914,40130,'2017Sp','A',4);
INSERT INTO ENROLLMENT VALUES (4914,50520,'2016Fa','C',3);
INSERT INTO ENROLLMENT VALUES (4914,50530,'2017Sp','A',3);
INSERT INTO ENROLLMENT VALUES (4914,60200,'2017Sp','A',3);
INSERT INTO ENROLLMENT VALUES (4914,40500,'2016Fa','B',4);
INSERT INTO ENROLLMENT VALUES (4914,40501,'2016Fa','D',1);
INSERT INTO ENROLLMENT VALUES (4914,50100,'2016Fa','A',4);
INSERT INTO ENROLLMENT VALUES (4914,50110,'2017Sp','A',4);
INSERT INTO ENROLLMENT VALUES (7262,40125,'2016Fa','A',4);
INSERT INTO ENROLLMENT VALUES (7262,40130,'2017Sp','A',4);
INSERT INTO ENROLLMENT VALUES (7262,50520,'2016Fa','C',3);
INSERT INTO ENROLLMENT VALUES (7262,50530,'2017Sp','C',3);
INSERT INTO ENROLLMENT VALUES (7262,60200,'2017Sp','A',3);
INSERT INTO ENROLLMENT VALUES (7262,40500,'2016Fa','C',4);
INSERT INTO ENROLLMENT VALUES (7262,40501,'2016Fa','A',1);
INSERT INTO ENROLLMENT VALUES (7262,50100,'2016Fa','A',4);
INSERT INTO ENROLLMENT VALUES (7262,50110,'2017Sp','A',4);
INSERT INTO ENROLLMENT VALUES (8113,40123,'2016Fa','A',4);
INSERT INTO ENROLLMENT VALUES (8113,40130,'2017Sp','A',4);
INSERT INTO ENROLLMENT VALUES (8113,50520,'2016Fa','A',3);
INSERT INTO ENROLLMENT VALUES (8113,50530,'2017Sp','B',3);
INSERT INTO ENROLLMENT VALUES (8113,60200,'2017Sp','A',3);
INSERT INTO ENROLLMENT VALUES (8113,40500,'2016Fa','A',4);
INSERT INTO ENROLLMENT VALUES (8113,40501,'2016Fa','B',1);
INSERT INTO ENROLLMENT VALUES (8113,50100,'2016Fa','B',4);
INSERT INTO ENROLLMENT VALUES (8113,50110,'2017Sp','A',4);
INSERT INTO ENROLLMENT VALUES (2966,40123,'2016Fa','A',4);
INSERT INTO ENROLLMENT VALUES (2966,40130,'2017Sp','C',4);
INSERT INTO ENROLLMENT VALUES (2966,50520,'2016Fa','A',3);
INSERT INTO ENROLLMENT VALUES (2966,50530,'2017Sp','C',3);
INSERT INTO ENROLLMENT VALUES (2966,60200,'2017Sp','A',3);
INSERT INTO ENROLLMENT VALUES (2966,40500,'2016Fa','A',4);
INSERT INTO ENROLLMENT VALUES (2966,40501,'2016Fa','C',1);
INSERT INTO ENROLLMENT VALUES (2966,50100,'2016Fa','C',4);
INSERT INTO ENROLLMENT VALUES (2966,50110,'2017Sp','A',4);
INSERT INTO ENROLLMENT VALUES (8531,40126,'2016Fa','B',4);
INSERT INTO ENROLLMENT VALUES (8531,40130,'2017Sp','A',4);
INSERT INTO ENROLLMENT VALUES (8531,50520,'2016Fa','B',3);
INSERT INTO ENROLLMENT VALUES (8531,50530,'2017Sp','B',3);
INSERT INTO ENROLLMENT VALUES (8531,60200,'2017Sp','A',3);
INSERT INTO ENROLLMENT VALUES (8531,40500,'2016Fa','A',4);
INSERT INTO ENROLLMENT VALUES (8531,40501,'2016Fa','C',1);
INSERT INTO ENROLLMENT VALUES (8531,50100,'2016Fa','B',4);
INSERT INTO ENROLLMENT VALUES (8531,50110,'2017Sp','A',4);
INSERT INTO ENROLLMENT VALUES (9955,40123,'2016Fa','B',4);
INSERT INTO ENROLLMENT VALUES (9955,40130,'2017Sp','D',4);
INSERT INTO ENROLLMENT VALUES (9955,50520,'2016Fa','B',3);
INSERT INTO ENROLLMENT VALUES (9955,50530,'2017Sp','D',3);
INSERT INTO ENROLLMENT VALUES (9955,60200,'2017Sp','B',3);
INSERT INTO ENROLLMENT VALUES (9955,40500,'2016Fa','C',4);
INSERT INTO ENROLLMENT VALUES (9955,40501,'2016Fa','D',1);
INSERT INTO ENROLLMENT VALUES (9955,50100,'2016Fa','D',4);
INSERT INTO ENROLLMENT VALUES (9955,50110,'2017Sp','B',4);
INSERT INTO ENROLLMENT VALUES (5734,40126,'2016Fa','A',4);
INSERT INTO ENROLLMENT VALUES (5734,40130,'2017Sp','A',4);
INSERT INTO ENROLLMENT VALUES (5734,50520,'2016Fa','B',3);
INSERT INTO ENROLLMENT VALUES (5734,50530,'2017Sp','C',3);
INSERT INTO ENROLLMENT VALUES (5734,60200,'2017Sp','B',3);
INSERT INTO ENROLLMENT VALUES (5734,40500,'2016Fa','A',4);
INSERT INTO ENROLLMENT VALUES (5734,40501,'2016Fa','C',1);
INSERT INTO ENROLLMENT VALUES (5734,50100,'2016Fa','B',4);
INSERT INTO ENROLLMENT VALUES (5734,50110,'2017Sp','B',4);
INSERT INTO ENROLLMENT VALUES (4078,40126,'2016Fa','C',4);
INSERT INTO ENROLLMENT VALUES (4078,40130,'2017Sp','A',4);
INSERT INTO ENROLLMENT VALUES (4078,50520,'2016Fa','B',3);
INSERT INTO ENROLLMENT VALUES (4078,50530,'2017Sp','A',3);
INSERT INTO ENROLLMENT VALUES (4078,60200,'2017Sp','A',3);
INSERT INTO ENROLLMENT VALUES (4078,40500,'2016Fa','A',4);
INSERT INTO ENROLLMENT VALUES (4078,40501,'2016Fa','C',1);
INSERT INTO ENROLLMENT VALUES (4078,50100,'2016Fa','C',4);
INSERT INTO ENROLLMENT VALUES (4078,50110,'2017Sp','C',4);
INSERT INTO ENROLLMENT VALUES (7680,40123,'2016Fa','A',4);
INSERT INTO ENROLLMENT VALUES (7680,40130,'2017Sp','C',4);
INSERT INTO ENROLLMENT VALUES (7680,50520,'2016Fa','C',3);
INSERT INTO ENROLLMENT VALUES (7680,50530,'2017Sp','D',3);
INSERT INTO ENROLLMENT VALUES (7680,60200,'2017Sp','D',3);
INSERT INTO ENROLLMENT VALUES (7680,40500,'2016Fa','B',4);
INSERT INTO ENROLLMENT VALUES (7680,40501,'2016Fa','B',1);
INSERT INTO ENROLLMENT VALUES (7680,50100,'2016Fa','D',4);
INSERT INTO ENROLLMENT VALUES (7680,50110,'2017Sp','D',4);

